,0,1,2,mean,se
RMSE,0.08946088064718198,0.02478657668043322,0.2782896419571289,0.13084569976158136,0.06209397620814372
M1,0.08946088064718198,0.02478657668043322,0.2782896419571289,0.13084569976158136,0.06209397620814372
M2,0.6669741227621043,0.9670789849252545,0.19400529985340062,0.6093528025135865,0.18372739047478326
M5,0.031578147526467204,0.0020423331723177715,0.07781900869075212,0.03714649646317903,0.018004820469142622
MAE,0.05931290368947906,0.01480302993494011,0.14986434107844357,0.07466009156762092,0.03244496733367922
R2,0.9155967246854141,0.9900967047806997,0.16746863790692357,0.6910540224576791,0.21447289543587836
