,0,1,2,mean,se
RMSE,0.0953421355031647,0.02924223760242845,0.14194206717835148,0.08884214676131487,0.026695818594111347
M1,0.0953421355031647,0.02924223760242845,0.14194206717835148,0.08884214676131487,0.026695818594111347
M2,0.8277810324825156,0.9836441368821008,0.5490823229723628,0.7868358307789931,0.10378222357314383
M5,0.00966170888201607,0.0009626113017573087,0.01987025362903317,0.010164857937602183,0.004461305335216772
MAE,0.06411004603649341,0.011530605913766132,0.10111687489600579,0.05891917561542178,0.02122175900833763
R2,0.8379689139053519,0.9854707326876686,0.5330715652425925,0.7855037372785376,0.10876140833658847
