,0,1,2,mean,sd,se
RMSE,0.5534542054765702,0.42585255176130543,0.5830002699640647,0.5207690090673135,0.06819136251421304,0.12172763541758191
M2,0.5772771723282029,0.5792330004057452,0.6492774735374898,0.6019292154238126,0.03348979422318359,0.14772254381419989
MAE,0.43433711960177274,0.3490820606835414,0.4543194793880913,0.4125795532244685,0.04563458005282315,0.09745359381031235
NLL,1.2872866523253217,0.7882955808159079,1.2527572438291574,1.1094464923234624,0.2275250916336827,0.25454719398120224
