,0,1,2,mean,sd,se
RMSE,0.5535145314278209,0.4258888299629482,0.5827135742133326,0.5207056452013673,0.06809707465016347,0.1217221046882519
M2,0.5779973110548231,0.5787173022554115,0.6476981810937513,0.6014709314679952,0.03268892322896448,0.14776560138237727
MAE,0.4343798943771509,0.34910808713918295,0.4541088240622683,0.41253226852620073,0.04556517497014634,0.09745102774922496
NLL,1.2875178542242174,0.7885009618527085,1.251697508944604,1.1092387750071768,0.2272668517760866,0.2545011860553567
