,0,1,2,mean,sd,se
RMSE,0.5536478677856236,0.42593159455474267,0.5827209823725851,0.5207668149043171,0.06810090925487414,0.12173685392201701
M2,0.5785300493066318,0.5788149470487082,0.6480731748038692,0.6018060570530697,0.0327159994539432,0.1478461488584651
MAE,0.4346031016993039,0.34915067155776813,0.454118110224552,0.41262396116054134,0.04558400859353541,0.0974715201749886
NLL,1.2881194456835237,0.7884170530688488,1.2514110767474735,1.1093158584999487,0.22740405827926122,0.2545179358218899
