,0,1,2,mean,sd,se
RMSE,0.5533620017796145,0.42588614477363324,0.5828251023953203,0.5206910829828559,0.06810776170214233,0.12171734051119312
M2,0.5768556554379272,0.5789475674230463,0.6486801473573618,0.601494456739445,0.033376249771913016,0.14763371335191766
MAE,0.4342581359632109,0.34913658393466745,0.4541704540698744,0.4125217246559176,0.04555130551575699,0.09745024162860998
NLL,1.2859134201356603,0.7883775050867357,1.2519012087895622,1.1087307113373195,0.22694909884000378,0.25438630893838776
