,0,1,2,mean,sd,se
RMSE,0.5611463675093215,0.41645335338527484,0.5736441212596775,0.5170812807180912,0.07133738282123461,0.12049106625706629
M2,0.6765849587341727,0.5784432031000438,0.6123993648441749,0.6224758422261304,0.04069482028513426,0.1515870297845119
MAE,0.44202954861526483,0.3448773802141763,0.44812627265885335,0.4116777338294315,0.04730051404483374,0.09700885806851138
NLL,1.8195439141163279,0.7439576284766786,1.2922817439694585,1.2852610955208217,0.4391343238634422,0.309739308956914
