,0,1,2,mean,sd,se
RMSE,0.5607498354129218,0.41608655591894267,0.57339131958001,0.5167425703039582,0.07136141209549232,0.12040516817481978
M2,0.6690266224720435,0.5776459413699762,0.6117685674495227,0.6194803770971807,0.03770244223478293,0.15139266683187538
MAE,0.44205350948474803,0.34453260266221736,0.4481744601658893,0.41158685743761825,0.047480320989672614,0.09696305075953006
NLL,1.85874609189067,0.742291183703513,1.2925497373343933,1.2978623376428586,0.4558062880181495,0.314976828401486
