,0,1,2,mean,sd,se
RMSE,0.5604160458887092,0.41588200667476166,0.5731527618703774,0.5164836048112827,0.07132585853772803,0.12034480654294713
M2,0.6615759831471202,0.5766525484794495,0.6114351077536414,0.6165545464600704,0.03485832209042958,0.15120121963066216
MAE,0.4420110975967964,0.34422693358961626,0.4483137721076694,0.41151726776469405,0.0476509722289254,0.09692384909669383
NLL,1.8658226033068752,0.7412143306682034,1.2922670935899734,1.2997680091883506,0.459150040489994,0.3159334231665393
