,0,1,2,mean,sd,se
RMSE,0.5612020962869962,0.4161201729078858,0.5733902510115251,0.5169041734021357,0.07143854629734095,0.12043743107132655
M2,0.6839463856881826,0.5784903729570453,0.6135878537248366,0.6253415374566882,0.04384711671431954,0.15173340601640756
MAE,0.4425214630718904,0.34446617977138,0.44747122049054294,0.4114862877779378,0.047433435342128856,0.09694387373560834
NLL,1.831676046824521,0.7441255262989891,1.2907892983707943,1.2888636238314348,0.4439927287998176,0.31123866687513646
