,0,1,2,mean,sd,se
RMSE,0.8973472612642834,0.8314405740911087,0.9619937977680806,0.8969272110411576,0.053298957993284275,0.2194480273022132
M2,0.37935436506988457,0.1454511609374507,0.48105131354468417,0.33528561318400646,0.14050719264408712,0.08639913195965782
MAE,0.7178488831998303,0.6809604111968465,0.7758274413428766,0.7248789119131844,0.03904701721399375,0.17815403421601095
NLL,5.505323344401518,3.433085993021138,3.6420874865994244,4.193498941340693,0.9315159166394331,0.9624444707622165
