,0,1,2,mean,sd,se
RMSE,0.5608706823191983,0.4157532886179302,0.5731285730816251,0.5165841813395845,0.0714736112924214,0.12035508817235663
M2,0.6772803118679015,0.577670743741505,0.6129012094267777,0.622617421678728,0.041241727259136635,0.15152029529940886
MAE,0.4425510384565175,0.34412242205413596,0.44752980649117485,0.41140108900060945,0.047616602863263344,0.09689915053294824
NLL,1.8737062910236,0.7424438672095978,1.2912155467707975,1.3024552350013316,0.461904330518072,0.31692368824846806
