,0,1,2,mean,sd,se
RMSE,0.5609323782522566,0.4159829943763796,0.5731941542218378,0.5167031756168247,0.07139562997510483,0.120392087261784
M2,0.6722492698923349,0.5776083760009185,0.6119677819576371,0.6206084759502969,0.03911709680474488,0.15140899934828075
MAE,0.44229829814308513,0.3444282543522546,0.44793242331978633,0.41155299193837536,0.04752005638766901,0.09694949278266557
NLL,1.865202448739068,0.7418275944037914,1.2921981315250635,1.2997427248893076,0.4586468914135541,0.31583548907120507
