,0,1,2,mean,sd,se
RMSE,0.8968407103490463,0.8311650539063282,0.9617735927967095,0.8965931190173614,0.05332100013984924,0.21935809390672079
M2,0.38148929810250526,0.14512777043130132,0.47956857875653575,0.33539521576344744,0.14037132159221824,0.08638083275762364
MAE,0.7171564728051166,0.6807789827631413,0.7755662358542685,0.7245005638075087,0.03904363022422407,0.17805761741198115
NLL,5.4940635002546445,3.4264744970786434,3.6341152549343363,4.184884417422541,0.9296024506115689,0.9604673643295085
