,0,1,2,mean,sd,se
RMSE,0.8953980855334378,0.8311432382661891,0.9617446927257888,0.8960953388418051,0.053320100014739566,0.21923069693452293
M2,0.3809523691309212,0.14428711848390216,0.4812682462178485,0.33550257794422395,0.14127593036653802,0.08662941090559545
MAE,0.7158254150537894,0.6807866432702943,0.775190954420967,0.7239343375816835,0.03896459469296709,0.17792825282895844
NLL,5.434848854082236,3.42842654291028,3.635250480320725,4.166175292437747,0.9010525289102275,0.9558812822160072
