,0,1,2,mean,sd,se
RMSE,0.5606508770630111,0.41575747369231925,0.572940940031625,0.5164497635956518,0.07137676721186755,0.12033145418000074
M2,0.6645532461798082,0.5766834721140532,0.6115501796045418,0.617595632632801,0.03612649005304713,0.1512174099513143
MAE,0.44228877782975395,0.3441011055384615,0.4480483951226328,0.4114794261636161,0.04770165521614322,0.09690792753927524
NLL,1.872318078217263,0.7407886119660967,1.291951015469505,1.3016859018842881,0.461996254861295,0.3168049585538484
