,0,1,2,mean,se
RMSE,0.0606769532214803,0.028672072378834245,0.052411015090871545,0.04725334689706203,0.007831975135246945
M1,0.0606769532214803,0.028672072378834245,0.052411015090871545,0.04725334689706203,0.007831975135246945
M2,0.9315994368309357,0.9854560874264098,0.9261431639901658,0.9477328960825039,0.015454032930705174
M5,0.004069686309321398,0.0008559703951882339,0.004087153311768302,0.0030042700054259777,0.0008770493062985371
MAE,0.03354191800725481,0.012120015960033956,0.027304965114119308,0.02432229969380269,0.005193942873671763
R2,0.9343739713881292,0.9860317924480119,0.9363390356868735,0.9522482665076716,0.013799841691087035
