,0,1,2,mean,sd,se
RMSE,0.5612728024580173,0.41635251791986305,0.5734825277899712,0.5170359493892839,0.07136822064716482,0.12047684712174452
M2,0.6793125318739395,0.578383173508754,0.6126788661992105,0.6234581905273013,0.04190329517456144,0.15161149238718907
MAE,0.4422553909631423,0.3447741667430244,0.44788850022260723,0.41163935264292467,0.04733672143310751,0.09699459661635096
NLL,1.824286314348745,0.7435929620417095,1.2919411969857408,1.2866068244587316,0.44120733756201846,0.3103428182553228
