,0,1,2,mean,sd,se
RMSE,0.8954122628615716,0.831102983987697,0.9616899115374299,0.8960683861288995,0.05331390866072532,0.21922499971569864
M2,0.3807626897489722,0.14446054151206647,0.48006553968674365,0.3350962569825941,0.14076397742595195,0.08643664342765094
MAE,0.7156790272598861,0.6807731678059015,0.7753022511354507,0.723918148733746,0.03902861549151666,0.1779111755617957
NLL,5.420135559180683,3.4255690710863345,3.6300216648880888,4.158575431718369,0.8959541216602982,0.9541121359077009
