,0,1,2,mean,sd,se
RMSE,0.8971263054161868,0.8316762865542507,0.9618954647788777,0.8968993522497718,0.053161999117032815,0.21946768389816726
M2,0.380266594429929,0.1454309425517125,0.4813912059417738,0.3356962476411384,0.1407295550667654,0.08651783630104899
MAE,0.7181004339354553,0.681235146249528,0.7755927253738492,0.7249761018529441,0.03882691756616211,0.17822344380510144
NLL,5.527431710000434,3.4444058319916113,3.650855775724427,4.207564439238824,0.9370850563094035,0.9657127559307478
