,0,1,2,mean,sd,se
RMSE,0.8952095574854674,0.8313025031376428,0.9616188689032467,0.8960436431754523,0.05320470261666941,0.21924001401040402
M2,0.3818422398916645,0.14423580039280107,0.4814797726813609,0.33585260432194214,0.1414676857003479,0.08673124944440745
MAE,0.7160624523617735,0.680897469401237,0.7749194171330654,0.7239597796320253,0.038788378820911205,0.17797038465857062
NLL,5.460705357949323,3.439307930112299,3.643537278197785,4.181183522086469,0.9085921354829652,0.9593618761500462
