,0,1,2,mean,sd,se
RMSE,0.8965010079020632,0.8314645972814022,0.9617242303052144,0.8965632784962265,0.05317829072779434,0.21937836073184847
M2,0.3824445846046991,0.14488807287979552,0.48127136938526466,0.33620134228991977,0.14116717899192938,0.08670600573023379
MAE,0.717374609965073,0.6810283161165879,0.7751959584759759,0.7245329615192122,0.038775574052152026,0.17812008847070468
NLL,5.532606883404148,3.4408481409109597,3.6479798096282376,4.207144944647782,0.9410500855835607,0.9656874189515239
