,0,1,2,mean,sd,se
RMSE,0.5606870060747895,0.4155359400096954,0.5728238660704494,0.5163489373849781,0.07145754530945925,0.12029866407517954
M2,0.6696215013887611,0.5766552895386625,0.612547559591308,0.6196081168395772,0.03828026243319497,0.15131363535243755
MAE,0.44261666627900736,0.3437973876991995,0.4476434795903747,0.41135251118952715,0.04781274757050957,0.09686206011491323
NLL,1.8798959522494127,0.7414089582878471,1.2907505537047415,1.3040184880806673,0.4648800471927236,0.31776078964298576
