,0,1,2,mean,sd,se
RMSE,0.8974478170099696,0.8313463803974083,0.9619603446514734,0.8969181806862837,0.05332424277016397,0.21944076844562846
M2,0.3792175224434176,0.14559496731286617,0.47984682330951145,0.33488643768859844,0.1400119271489748,0.08621237300911619
MAE,0.7178143684842883,0.6808896998105017,0.7759730935681451,0.724892387287645,0.03913895505974638,0.1781389413864407
NLL,5.490036895845518,3.429602577741997,3.6372347998199874,4.1856247578025005,0.9262454873724449,0.9605829259465657
