,0,1,2,mean,sd,se
RMSE,0.896754418888019,0.8312739975496323,0.961823453948691,0.8966172901287807,0.05329668060173409,0.21936904386063405
M2,0.3816562789785422,0.14492564523894236,0.48096943621119825,0.3358504534762276,0.14096095818869533,0.08660037889599974
MAE,0.7171857977647852,0.6808521279784694,0.7754302143423831,0.7244893800285458,0.03895519084347743,0.1780726023083138
NLL,5.510554767244965,3.4301580571467754,3.639376136364614,4.1933629869187845,0.9353034055987892,0.9624768036130751
