,0,1,2,mean,se
RMSE,0.0011245518026822743,0.017539580520793345,0.001908705078814398,0.006857612467430006,0.004364810170491659
M2,0.9989575998875622,0.9052379779533538,0.990377188060774,0.9648575886338967,0.0244234830078392
M5,7.027596733384656e-05,0.006071706156841501,0.0006178988529350754,0.0022532936590368077,0.001564195086493857
MAE,0.00043679005827218606,0.009866294854795449,0.0010526438960370573,0.003785242936368231,0.002486819178224261
R2,0.9999812224254808,0.9946960525465969,0.9999427122666652,0.9982066624129143,0.0014332292197223669
