,0,1,2,mean,se
RMSE,0.12880580188298907,0.06899841312921118,0.27764778767954007,0.15848400089724676,0.05064963967757822
M1,0.12880580188298907,0.06899841312921118,0.27764778767954007,0.15848400089724676,0.05064963967757822
M2,0.590044390404087,1.0074981958602218,0.37901086869674655,0.6588511516536851,0.15077566698503275
M5,0.038872625244644604,0.002155705215344729,0.05776668961072391,0.03293167335690442,0.013330137770023315
MAE,0.06647007949574628,0.04403329625241087,0.11152015957105173,0.07400784510640296,0.016201732506454205
R2,0.825029910779063,0.9232594634101383,0.1713045520078863,0.6398646420656958,0.19268493555183247
