,0,1,2,mean,se
RMSE,0.036050086616025205,0.01996769799275221,0.2591626465263384,0.10506014371170529,0.06302617945700202
M1,0.036050086616025205,0.01996769799275221,0.2591626465263384,0.10506014371170529,0.06302617945700202
M2,0.9217156084565902,1.1034024166950254,0.38709695463176697,0.8040716599277942,0.17553312616426503
M5,0.00884983898592187,0.006414813918626527,0.059806548271598835,0.025023733725382413,0.014211618701978814
MAE,0.021917875824029053,0.011925433181456469,0.09000075525504558,0.041281354753510364,0.020028575233140267
R2,0.9862941622296241,0.993573083978964,0.2779765030937389,0.7526145831007757,0.1937777798980821
