,0,1,2,mean,se
RMSE,0.08544552003252678,0.07528192797707452,0.0798812413908819,0.08020289646682774,0.002399177977665795
M1,0.08544552003252678,0.07528192797707452,0.0798812413908819,0.08020289646682774,0.002399177977665795
M2,0.8612733143067304,0.8861161023607885,0.8327745591002728,0.8600546585892639,0.012582562013196007
M5,0.007782720214064884,0.00817341532809051,0.007215630391120081,0.007723921977758491,0.00022702467845120005
MAE,0.041829694353948094,0.04748351144467152,0.039418268689517894,0.04291049149604584,0.0019515308533254098
R2,0.8698610832756444,0.9037049469622108,0.8521171943944208,0.875227741544092,0.012355159241535088
