,0,1,2,3,4,mean,se
RMSE,0.34496761011169075,0.44618322376779035,0.47354420207770526,0.26009575654215616,0.30465875169170803,0.3658899088382101,0.03656001265033587
M2,0.573441824487767,0.2632271067946425,0.4098723524912074,0.7191910223612078,0.6688695671850202,0.526920374663969,0.07550263559139163
MAE,0.2393238435493831,0.32278953204220534,0.37695110472311666,0.1938883268473687,0.2203121866000564,0.27065299875242604,0.03061113106242241
NLL,0.35495645194276165,0.611980711677966,0.6716213147949139,0.07267543383570658,0.23117038311722637,0.3884808590737149,0.10113836860638564
