,0,1,2,3,4,mean,se
RMSE,0.31547796912489073,0.33882725275020875,0.3701979524196981,0.2420016757712569,0.84290648175031,0.42188226636327286,0.09602285038028832
M2,0.6036412298687697,0.2572291130258483,0.5047578923217934,0.5722062821895871,0.7425003214945993,0.5360669677801196,0.07133522774019542
MAE,0.22943736828965913,0.25132447898943483,0.27028940529500173,0.1976142849208486,0.46125959510867437,0.28198502652072377,0.04151910697346534
NLL,0.27602984143064696,0.4037835301396249,0.48254516084718,0.00831316575734503,3.374443708701767,0.9090230813753127,0.5559643184372817
