,0,1,2,mean,se
RMSE,0.001123408413176682,0.015091598497389953,0.00251286104441319,0.006242622651659942,0.003627393456352414
M2,0.9989599048795149,0.8988311538915827,0.9856576522131074,0.9611495703280682,0.02563385891036249
M5,7.012057063236765e-05,0.006482211887528691,0.0009209491260857849,0.0024910938614156144,0.0016416620731893295
MAE,0.0004377153060619782,0.007477477258292323,0.0014491498068198265,0.0031214474570580423,0.0017942498685932914
R2,0.9999812606335546,0.9960452781633039,0.9999002310368279,0.9986422566112289,0.0010603840230078367
