,0,1,2,mean,se
RMSE,0.0008791218896519834,0.013813968836178272,0.0027314095220737156,0.005808166749301323,0.0032973859228515516
M2,0.9975919547650174,0.90050503384338,0.9833636136852838,0.9604868674312271,0.024716061772280987
M5,0.00016354408434003653,0.006005115881464823,0.000984033192526615,0.002384231052777158,0.001490816763547089
MAE,0.0003812734786386461,0.0059487054859579825,0.0015153761063959998,0.0026151183569975427,0.0013869350343152394
R2,0.9999885929051958,0.9964890025411854,0.9998717348266845,0.9987831100910219,0.0009369704181611468
