,0,1,2,mean,se
RMSE,0.000874404925155623,0.011062278502028872,0.002098513166435655,0.00467839886454005,0.0026221301631413566
M2,0.9976348712254149,0.9586735721684856,0.9879390127331587,0.9814158187090198,0.009561610176560716
M5,0.00016062938277341954,0.002494296924575888,0.0007134008300056366,0.0011227757124516481,0.0005748800637618751
MAE,0.00037783320323989843,0.005476830284365543,0.001162215574209206,0.002338959687271549,0.0012943027156694683
R2,0.999988715472726,0.9978850595825016,0.9999246397188825,0.9992661382580367,0.0005640252469863333
